<metadata xml:lang="en"><idinfo><native>Microsoft Windows XP Version 5.1 (Build 2600) Service Pack 3; ESRI ArcCatalog 9.3.1.3000</native><descript><abstract>Ecoregions denote areas of general similarity in ecosystems and in the type, quality, and quantity of environmental resources. They are designed to serve as a spatial framework for the research, assessment, management, and monitoring of ecosystems and ecosystem components. These general purpose regions are critical for structuring and implementing ecosystem management strategies across federal agencies, state agencies, and nongovernment organizations that are responsible for different types of resources within the same geographical areas. The approach used to compile this map is based on the premise that ecological regions can be identified through the analysis of patterns of biotic and abiotic phenomena, including geology, physiography, vegetation, climate, soils, land use, wildlife, and hydrology. The relative importance of each characteristic varies from one ecological region to another. A Roman numeral hierarchical scheme has been adopted for different levels for ecological regions. Level I is the coarsest level, dividing North America into 15 ecological regions. Level II divides the continent into 52 regions (Commission for Environmental Cooperation Working Group, 1997). At Level III, the continental United States contains 104 regions whereas the conterminous United States has 84 (U.S. Environmental Protection Agency, 2005). Level IV ecoregions are further subdivisions of Level III ecoregions. Methods used to define the ecoregions are explained in Omernik (1995, 2004), Omernik and others (2000), and Gallant and others (1989).
Literature cited: Commission for Environmental Cooperation Working Group, 1997, Ecological regions of North America- toward a common perspective: Montreal, Commission for Environmental Cooperation, 71 p. Gallant, A. L., Whittier, T.R., Larsen, D.P., Omernik, J.M., and Hughes, R.M., 1989, Regionalization as a tool for managing environmental resources: Corvallis, Oregon, U.S. Environmental Protection Agency, EPA/600/3-89/060, 152p. Omernik, J.M., 1995, Ecoregions - a framework for environmental management, in Davis, W.S. and Simon, T.P., eds., Biological assessment and criteria-tools for water resource planning and decision making: Boca Raton, Florida, Lewis Publishers, p.49-62. Omernik, J.M., Chapman, S.S., Lillie, R.A., and Dumke, R.T., 2000, Ecoregions of Wisconsin: Transactions of the Wisconsin Academy of Science, Arts, and Letters, v. 88, p. 77-103. Omernik, J.M., 2004, Perspectives on the nature and definitions of ecological regions: Environmental Management, v. 34, Supplement 1, p. s27-s38.
Comments and questions regarding the Level III and IV Ecoregions should be addressed to Glenn Griffith, USGS, c/o US EPA., 200 SW 35th Street, Corvallis, OR 97333, (541)-754-4465, email:griffith.glenn@epa.gov Alternate: James Omernik, USGS, c/o US EPA, 200 SW 35th Street, Corvallis, OR 97333, (541)-754-4458, email:omernik.james@epa.gov</abstract><purpose>Ecoregion maps assist managers of aquatic and terrestrial resources to understand the regional patterns of the realistically attainable quality of these resources</purpose><supplinf>Electronic versions of ecoregion maps and posters, as well as other ecoregion resources are available at: http://www.epa.gov/wed/pages/ecoregions.htm.

The fields ending with "KEY" are linked to style files containing color definitions for each level.  L4_KEY and L3_KEY pertain to Ecoregions of the Continental United States, whereas L2_KEY and L1_Key relate to North American designations within the United States.

This file differs from the previous version primarily in the addition of draft Level IV ecoregions of California, which may be subject to change.  Some ecoregions along the California border in Oregon and Nevada were revised also.  Except for the Great Lakes, waterbodies were merged with surrounding ecoregion polygons, especially along coastlines.  A field called NA_L3NAME was added to be consistent with the North America data.

Level IV ecoregions are not complete for Arizona, as of January, 2011.  The Arizona polygons are for Level III only and the field "US_L4CODE" contains placeholder information derived from "US_L3CODE".  

Ecoregions were digitized at 1:250,000 scale and are intended for large geographic extents (i.e. states, multiple counties, or river basins).  Use for smaller areas, such as individual counties or a 1:24,000 scale map boundary, is not recommended.</supplinf></descript><citation><citeinfo><title>Eco_Level_III_US</title><geoform>vector digital data</geoform><origin>US Environmental Protection Agency</origin><pubinfo><publish>U.S. EPA Office of Research &amp; Development (ORD) - National Health and Environmental Effects Research Laboratory (NHEERL)</publish><pubplace>Corvallis, OR</pubplace></pubinfo><serinfo/><lworkcit><citeinfo><title/><pubdate/><pubinfo/><serinfo/></citeinfo></lworkcit><onlink>ftp://ftp.epa.gov/wed/ecoregions/us/Eco_Level_III_US.zip</onlink><pubdate>2011</pubdate><onlink>http://www.epa.gov/wed/pages/ecoregions.htm</onlink></citeinfo></citation><timeperd><current>Publication date</current><timeinfo><sngdate><caldate>20110124</caldate></sngdate></timeinfo></timeperd><status><progress>Ongoing</progress><update>As needed</update></status><spdom><bounding><westbc>-127.886770</westbc><eastbc>-65.345754</eastbc><northbc>51.604869</northbc><southbc>22.896808</southbc></bounding></spdom><keywords><place><placekey>Selected State, Conterminous United States</placekey></place><theme><themekt>ISO 19115 Topic Category</themekt><themekey>biota</themekey><themekey>boundaries</themekey><themekey>environment</themekey><themekey>location</themekey></theme><theme><themekt>EPA GIS Keyword Thesaurus</themekt><themekey>Biology</themekey><themekey>Conservation</themekey><themekey>Ecology</themekey><themekey>Ecosystem</themekey><themekey>Land</themekey><themekey>Natural Resources</themekey></theme><place><placekt>None</placekt><placekey>United States</placekey></place><theme><themekt>User</themekt><themekey>US Ecoregion Levels III and IV, North American (CEC) Ecoregion Levels I, II, III</themekey></theme></keywords><accconst>None</accconst><useconst>None</useconst><crossref><citeinfo><title>Ecoregions of the United States</title></citeinfo></crossref><secinfo><secsys>FIPS Pub 199</secsys><secclass>No Confidentiality</secclass><sechandl>Standard Technical Controls</sechandl></secinfo><ptcontac><cntinfo><cntperp><cntorg>U.S. Environmental Protection Agency, Office of Research &amp; Development (ORD) - National Health and Environmental Effects Research Laboratory (NHEERL)</cntorg><cntper>Marc Weber</cntper></cntperp><cntpos>GIS Analyst</cntpos><cntaddr><addrtype>mailing and physical address</addrtype><address>200 S.W. 35th St.</address><city>Corvallis</city><state>OR</state><postal>97333</postal></cntaddr><cntvoice>(541) 754-4469</cntvoice><cntemail>weber.marc@epa.gov</cntemail><cntinst>http://www.epa.gov/</cntinst></cntinfo></ptcontac></idinfo><dataIdInfo><envirDesc>Microsoft Windows XP Version 5.1 (Build 2600) Service Pack 3; ESRI ArcCatalog 9.3.1.3000</envirDesc><dataLang><languageCode value="en"/></dataLang><idCitation><resTitle>Eco_Level_III_US</resTitle><presForm><PresFormCd value="005"/></presForm></idCitation><spatRpType><SpatRepTypCd value="001"/></spatRpType><dataExt><geoEle><GeoBndBox esriExtentType="native"><westBL>-2356069.4578</westBL><eastBL>2258224.8307</eastBL><northBL>3172577.0456</northBL><southBL>272048.4957</southBL><exTypeCode>1</exTypeCode></GeoBndBox></geoEle></dataExt><geoBox esriExtentType="decdegrees"><westBL>-127.88677</westBL><eastBL>-65.345754</eastBL><northBL>51.604869</northBL><southBL>22.896808</southBL><exTypeCode>1</exTypeCode></geoBox></dataIdInfo><metainfo><metstdn>FGDC Content Standards for Digital Geospatial Metadata</metstdn><metstdv>FGDC-STD-001-1998</metstdv><mettc>local time</mettc><metd>20110314</metd><metfrd>20140920</metfrd><metc><cntinfo><cntperp><cntorg>SRA / Raytheon Contractors to US EPA</cntorg><cntper>Colleen Burch Johnson</cntper></cntperp><cntpos>GIS Analyst</cntpos><cntaddr><addrtype>mailing and physical address</addrtype><address>200 S.W. 35th St</address><city>Corvallis</city><state>OR</state><postal>97333</postal></cntaddr><cntvoice>(541) 754-4454</cntvoice><cntemail>johnson.colleen@epa.gov</cntemail><cntinst>http://www.epa.gov/</cntinst></cntinfo></metc></metainfo><mdLang><languageCode value="en"/></mdLang><mdStanName>ISO 19115 Geographic Information - Metadata</mdStanName><mdStanVer>DIS_ESRI1.0</mdStanVer><mdChar><CharSetCd value="004"/></mdChar><mdHrLv><ScopeCd value="005"/></mdHrLv><mdHrLvName>dataset</mdHrLvName><distInfo><distributor><distorTran><onLineSrc><orDesc>002</orDesc><linkage>file://\\DC2626XMWEBER\E$\Ecoregions\Updated_Ecoregions\Eco_Level_III_US.shp</linkage><protocol>Local Area Network</protocol></onLineSrc><transSize>44.168</transSize></distorTran><distorFormat><formatName>Shapefile</formatName></distorFormat></distributor></distInfo><mdDateSt>20110314</mdDateSt><dataqual><lineage><srcinfo><srccontr>The state borders were derived from the dtl_st.sdc on the ArcGIS DVD provided by ESRI.  It was modified by removing Alaska and Hawaii polygons and all but the State field, adding some coastal islands based on imagery or NHDPlus areas, and restoring topology (removing internal gaps and small overlaps).  The EPA regions were added to this custom geodatabase (dtl_48plyf) prior to the intersection process with the seamless ecoregion data.</srccontr></srcinfo><procstep><procdate>20100526</procdate><procdesc>1) U.S.G.S. 1:250,000 topographic maps are used to delineate the ecoregions. The lines drawn are manually digitized or scanned to produce georeferenced electronic files. 2) All base maps are joined together and errors along the edges are resolved. 3) Topology is established and the maps are reviewed for accuracy, completeness, and conformity with the original lines. Corrections are made as needed and topology regenerated. 4) Attributes are added. 5) Maps are plotted for visual inspection by two individuals and necessary changes made.  6) Ecoregions from all available states are merged and dissolved to identify and correct inconsistencies. 7) Polygons of the corrected seamless ecoregion features are extended beyond the coastal borders.  8) State and Ecoregion datasets are intersected. 9) Topology errors removed. 10) Final QA</procdesc></procstep><procstep><procdesc>Metadata imported.</procdesc><srcused>E:\Ecoregions\Updated_Ecoregions\Final_Data\Eco_Level_III_US_jan2011.shp.xml</srcused><procdate>20110314</procdate><proctime>11513100</proctime></procstep></lineage><logic>Although ecoregion polygons and attributes have been checked for accuracy, some errors may remain.
    Polygons along state borders were reviewed and updated, May 2010.</logic><complete>Level IV ecoregions are not complete for California and Arizona, as of May, 2010.  For these states, the polygons are for Level III or lower.  The field 'US_L4CODE" contains placeholder information derived from "US_L3CODE".  Ecoregions were digitized at 1:250,000 scale and are intended for large geographic extents (i.e. states, multiple counties, or river basins).  Use for smaller areas, such as individual counties or a 1:24,000 scale map boundary, is not recommended.</complete><posacc><horizpa><horizpar>Data were collected using methods that have unknown accuracy (EPA National Geospatial Data Policy [NGDP] Accuracy Tier 10). For more information, please see EPA's NGDP at http://epa.gov/geospatial/policies.html)</horizpar></horizpa></posacc></dataqual><spdoinfo><direct>Vector</direct><ptvctinf><sdtsterm><sdtstype>G-polygon</sdtstype><ptvctcnt>1630</ptvctcnt></sdtsterm></ptvctinf></spdoinfo><spref><horizsys><planar><planci><plance>coordinate pair</plance><plandu>meters</plandu><coordrep><absres>0.000001</absres><ordres>0.000001</ordres></coordrep></planci><mapproj><mapprojn>Albers Conical Equal Area</mapprojn><albers><stdparll>29.500000</stdparll><stdparll>45.500000</stdparll><longcm>-96.000000</longcm><latprjo>23.000000</latprjo><feast>0.000000</feast><fnorth>0.000000</fnorth></albers></mapproj></planar><geodetic><horizdn>North American Datum of 1983</horizdn><ellips>Geodetic Reference System 80</ellips><semiaxis>6378137.000000</semiaxis><denflat>298.257222</denflat></geodetic></horizsys></spref><refSysInfo><RefSystem><refSysID><identCode>USA_Contiguous_Albers_Equal_Area_Conic_USGS_version</identCode></refSysID></RefSystem></refSysInfo><spatRepInfo><VectSpatRep><topLvl><TopoLevCd value="001"/></topLvl><geometObjs><geoObjTyp><GeoObjTypCd value="001"/></geoObjTyp><geoObjCnt>1605</geoObjCnt></geometObjs></VectSpatRep></spatRepInfo><eainfo><detailed><enttyp><enttypl>Eco_Level_III_US</enttypl></enttyp><attr><attrlabl>FID</attrlabl><attrdef>Internal feature number.</attrdef><attrdefs>ESRI</attrdefs><attrdomv><udom>Sequential unique whole numbers that are automatically generated.</udom></attrdomv></attr><attr><attrlabl>Shape</attrlabl><attrdef>Feature geometry.</attrdef><attrdefs>ESRI</attrdefs><attrdomv><udom>Coordinates defining the features.</udom></attrdomv></attr><attr><attrlabl>US_L3CODE</attrlabl><attrdef>Code for Level III Ecoregion (US)</attrdef><attrdefs>USEPA</attrdefs></attr><attr><attrlabl>US_L3NAME</attrlabl><attrdef>Name for Level III Ecoregion (US)</attrdef><attrdefs>USEPA</attrdefs></attr><attr><attrlabl>NA_L3CODE</attrlabl><attrdef>Code for Level III Ecoregion (North America)</attrdef><attrdefs>CEC</attrdefs></attr><attr><attrlabl>NA_L3NAME</attrlabl><attrdef>Name for Level III Ecoregion (North America/CEC)</attrdef><attrdefs>CEC</attrdefs></attr><attr><attrlabl>NA_L2CODE</attrlabl><attrdef>Code for Level II Ecoregion (North America)</attrdef><attrdefs>CEC</attrdefs></attr><attr><attrlabl>NA_L2NAME</attrlabl><attrdef>Name for Level II Ecoregion (North America)</attrdef><attrdefs>CEC</attrdefs></attr><attr><attrlabl>NA_L1CODE</attrlabl><attrdef>Code for Level I Ecoregion (North America)</attrdef><attrdefs>CEC</attrdefs></attr><attr><attrlabl>NA_L1NAME</attrlabl><attrdef>Name for Level I Ecoregion (North America)</attrdef><attrdefs>CEC</attrdefs></attr><attr><attrlabl>STATE_NAME</attrlabl><attrdef>Name of State (US)</attrdef></attr><attr><attrlabl>EPA_REGION</attrlabl><attrdef>EPA Administrative Region</attrdef></attr><attr><attrlabl>L3_KEY</attrlabl><attrdef>US Level III Code and Name for Legend, Match to Style</attrdef></attr><attr><attrlabl>L2_KEY</attrlabl><attrdef>NA Level II Code and Name for Legend, Match to Style.</attrdef></attr><attr><attrlabl>L1_KEY</attrlabl><attrdef>NA Level I Code and Name for Legend, Match to Style.</attrdef></attr><attr><attrlabl>Shape_Leng</attrlabl></attr><attr><attrlabl>Shape_Area</attrlabl><attrdef>Area of feature in internal units squared.</attrdef><attrdefs>ESRI</attrdefs><attrdomv><udom>Positive real numbers that are automatically generated.</udom></attrdomv></attr></detailed></eainfo></metadata>
